"","V1","V2","V3"
"1",0.0148587783332914,0.139567446522415,0.0399256729288027
"2",0.0142348687560298,0.146659815777093,0.0691123809083365
"3",0.00970306056551635,0.0790191422449425,0.0713782256469131
"4",0.00840447336668149,0.0882098326692358,0.0670918860239908
"5",0.00815546351717785,0.0720632572192699,0.0720393750932999
"6",0.0140851349662989,0.0549246251583099,0.0311380570172332
"7",0.0124702969472855,0.0504001832101494,0.0532473150873557
"8",0.0119984992593527,0.118972716853023,0.0554346566670574
"9",0.00645463841501623,0.0933493450749666,0.0399023201665841
"10",0.00573743363143876,0.085478333150968,0.0255709538934752
"11",0.0122985940566286,0.111726578371599,0.0594503246247768
"12",0.0117667517648078,0.0974043084308505,0.0453914307523519
"13",0.0101042227074504,0.100313815684058,0.0453894527978264
"14",0.0129068515193649,0.0852654016111046,0.069613093638327
"15",0.00526814040029421,0.0965937878470868,0.0428075479227118
"16",0.0147811666945927,0.0969236542470753,0.0484306706464849
"17",0.00759998997207731,0.09572499752976,0.0618641984765418
"18",0.00867713583167642,0.0700245273299515,0.0568725681281649
"19",0.00657912640599534,0.141730901785195,0.0438666272093542
"20",0.00607693349011242,0.0757178022759035,0.0479044356034137
"21",0.0088043864374049,0.0545882669975981,0.0333150978316553
"22",0.00956816063961014,0.139701719931327,0.0376496731303632
"23",0.012253260591533,0.104016747418791,0.031814502493944
"24",0.00660836969735101,0.0733585253357887,0.0725791060365737
"25",0.0089678294537589,0.0754505189834163,0.0732010661507957
"26",0.00978019798640162,0.0719376026652753,0.0734848842257634
"27",0.00924364299979061,0.0509063803823665,0.0464781838119961
"28",0.0102435387345031,0.128054882027209,0.0421475160634145
"29",0.0100184432324022,0.0795916134491563,0.0502682918915525
"30",0.00724433408118784,0.118358717835508,0.0589037391240709
"31",0.0106955732405186,0.0635652844561264,0.0399677149136551
"32",0.0101380873541348,0.0751250117551535,0.073769937932957
"33",0.0105320843728259,0.0526474544312805,0.0438055988401175
"34",0.012975478884764,0.0799823020584881,0.0573211221722886
"35",0.0125348206888884,0.0720887121278793,0.0331506378948689
"36",0.00715624418575317,0.108364757359959,0.0253102419897914
"37",0.00908174928976223,0.074484708532691,0.0700176922953688
"38",0.0118977438751608,0.0522851573536173,0.0496604311978445
"39",0.00775525855598971,0.0507074624532834,0.0262523880810477
"40",0.0138701543956995,0.12623487606179,0.0689885464846157
"41",0.0115224819211289,0.104968921700493,0.0728694000397809
"42",0.00799013483803719,0.0988651257939637,0.031335957092233
"43",0.0149543128511868,0.0798251885455102,0.0271944297710434
"44",0.00998270135140046,0.0805632983101532,0.0414348203106783
"45",0.00545131677063182,0.0838687209179625,0.0671953814919107
"46",0.00550020872149616,0.0733778714202344,0.0473490142845549
"47",0.0104990162677132,0.0534847669303417,0.0570154213812202
"48",0.00685958818532526,0.0649099207250401,0.0378836151212454
"49",0.00793792659183964,0.0559888998745009,0.0459359714528546
"50",0.0116028056945652,0.145457132835872,0.0263136876514182
"51",0.011710387901403,0.0941052264533937,0.0427024919306859
"52",0.0149030561977997,0.0980849778745324,0.0592320977360942
"53",0.00583334967494011,0.0774262122111395,0.0582039431435987
"54",0.00503911358071491,0.115869285468943,0.026241916231811
"55",0.0129402119480073,0.102918469673023,0.038062189205084
"56",0.00839860886335373,0.0725539650535211,0.05494156422792
"57",0.0113808490079828,0.0923821797827259,0.0491590160876513
"58",0.0146487352065742,0.114284880226478,0.0419094237498939
"59",0.0101304052886553,0.107033473136835,0.0659522869973443
"60",0.00967760976403952,0.121237151394598,0.0714519391418435
"61",0.0083893687883392,0.114024737104774,0.0629721594392322
"62",0.00861016316805035,0.132668761885725,0.0630581736448221
"63",0.0127337586553767,0.146075780480169,0.0404343145317398
"64",0.0132458422100171,0.0596935197943822,0.0602411686675623
"65",0.0123185421875678,0.123991142283194,0.0570925524109043
"66",0.00930005291476846,0.13046359163709,0.0596648944425397
"67",0.00726867546094581,0.106387898139656,0.0569458610261791
"68",0.00735463512130082,0.0851709309732541,0.074790141149424
"69",0.00602146580582485,0.107512752362527,0.0395406372030266
"70",0.013739717095159,0.129246517363936,0.0395249639754184
"71",0.0107917874399573,0.118306293524802,0.0497210587142035
"72",0.00964704409008846,0.0609043032396585,0.0626772322459146
"73",0.0144044746807776,0.0849080005660653,0.0712675881339237
"74",0.00880011846544221,0.0512739298399538,0.0373117836425081
"75",0.0144142413325608,0.0841070173773915,0.0382591356756166
"76",0.0144856897834688,0.131326879793778,0.036113871273119
"77",0.0084784389147535,0.0569254458881915,0.0684118225472048
"78",0.011300814030692,0.122668526577763,0.0565346207353287
"79",0.0096274420269765,0.0566776934778318,0.070523704320658
"80",0.00872593233594671,0.116119324555621,0.0269215463311411
"81",0.00551847179885954,0.0909240535693243,0.0434107910376042
"82",0.0115484426100738,0.0949600653955713,0.0589176896959543
"83",0.0140426299441606,0.0867939874529839,0.0393441856605932
"84",0.0149462947598658,0.0633781710173935,0.0577084153774194
"85",0.0141113711008802,0.0589938550489023,0.0361163505818695
"86",0.0132004946283996,0.122140251519158,0.0259160476154648
"87",0.00762642145622522,0.0950233320705593,0.0670117182889953
"88",0.00503847392043099,0.0903734709369019,0.0739557671709918
"89",0.00655780969653279,0.0858707629609853,0.0683472080971115
"90",0.00641432626638561,0.0518556640017778,0.066748271882534
"91",0.00652794371824712,0.0602963365381584,0.0296187177533284
"92",0.0125148292910308,0.120580060151406,0.0280083017772995
"93",0.0103985600569285,0.0514327279990539,0.0474560846108943
"94",0.00884471805766225,0.124266842287034,0.06409788307501
"95",0.0070371155673638,0.14204911806155,0.0354948724387214
"96",0.00926211236277595,0.143355834949762,0.0667585097951815
"97",0.00883138451259583,0.132522436254658,0.0367100748117082
"98",0.00726972586242482,0.0660119085805491,0.029980968858581
"99",0.0125061049708165,0.128888037148863,0.0300957385683432
"100",0.0118834580108523,0.0609151099110022,0.0371285528759472
"101",0.0118029746878892,0.0545389093691483,0.0396235987660475
"102",0.00573926759185269,0.0569942987523973,0.0666056828107685
"103",0.00663241770584136,0.105303365760483,0.0444676969200373
"104",0.0055015874048695,0.138607453648001,0.0649059865856543
"105",0.00666876861825585,0.0746952128363773,0.0495030995924026
"106",0.0056647897628136,0.0522651374805719,0.0614490983192809
"107",0.00833695606328547,0.12493488942273,0.0653533851262182
"108",0.00686598526313901,0.08234823057428,0.0574856121907942
"109",0.00833222140092403,0.0728915397077799,0.041574107366614
"110",0.0119584862398915,0.0852671000175178,0.0497936740051955
"111",0.00618675079196692,0.107745423540473,0.0614172070287168
"112",0.0136427854653448,0.111418637936004,0.0356439874856733
"113",0.0118684568163007,0.0758122088154778,0.071151625784114
"114",0.00771686878986657,0.0639678778825328,0.0681455156183802
"115",0.00950415975181386,0.0594130403362215,0.0471950882463716
"116",0.00968555278377607,0.112948389351368,0.0582862113136798
"117",0.00787449723808095,0.135286005819216,0.0699301211629063
"118",0.00764674577396363,0.134720281139016,0.0508089427719824
"119",0.00905969692394137,0.0901703282725066,0.0723897165386006
"120",0.00788286046357825,0.117921888991259,0.0483355881180614
"121",0.0105480998964049,0.0898619913961738,0.0546953658922575
"122",0.0117546800803393,0.0715900129405782,0.0585645688232035
"123",0.0104441273980774,0.0861450181808323,0.0373158640344627
"124",0.00937288534129038,0.106956667057239,0.0396349295042455
"125",0.00892834401456639,0.130884660733864,0.0312443205737509
"126",0.0137642165599391,0.0601918996078894,0.0654435759875923
"127",0.00973922011908144,0.106580863310955,0.0626873893430457
"128",0.0137652899464592,0.130927159124985,0.0653868447989225
"129",0.00868350900243968,0.0835085832281038,0.0371882758219726
"130",0.0128501870622858,0.0911839708220214,0.0648257040069439
"131",0.0134284784831107,0.14699211071711,0.0593771556625143
"132",0.0131983902282082,0.0501652318751439,0.0543227244517766
"133",0.0124368385015987,0.0796553152613342,0.0481558716390282
"134",0.0134687842405401,0.103090289584361,0.0341359256417491
"135",0.0103986911894754,0.108679548487999,0.0431483390275389
"136",0.0055211420240812,0.0538075791439042,0.0311875702231191
"137",0.0128507283190265,0.120629343017936,0.0456118615460582
"138",0.00559363642707467,0.092063161265105,0.067908682289999
"139",0.00519089268753305,0.0927123142173514,0.0704948082566261
"140",0.00863053411245346,0.0887976757949218,0.050648303842172
"141",0.0117089184722863,0.149189259344712,0.0577324198209681
"142",0.013849744242616,0.137548027257435,0.0708617909811437
"143",0.00705797005211934,0.0943365391343832,0.0501766004948877
"144",0.0115111377788708,0.0758051983779296,0.025249009358231
"145",0.0114749650331214,0.0927137844031677,0.0459879957488738
"146",0.00842653558822349,0.0719508691690862,0.0721537835081108
"147",0.0108936190209351,0.115945848100819,0.0267305352492258
"148",0.00991819461341947,0.137840760918334,0.0671807589475066
"149",0.0109352673543617,0.137281377869658,0.06009236961836
"150",0.0116796690179035,0.0841701149940491,0.0589634234900586
"151",0.0100933957495727,0.120841689407825,0.0445747821009718
"152",0.00895880877738818,0.0865053981309757,0.0723832892719656
"153",0.0103013038216159,0.12345834937878,0.0566337545053102
"154",0.00910528222564608,0.135290258470923,0.0277888881159015
"155",0.00629246843978763,0.094337416975759,0.0378884692327119
"156",0.0104619148233905,0.102240644418634,0.0538553067250177
"157",0.0101330021000467,0.058720430242829,0.0673584371455945
"158",0.0139911842229776,0.134147419524379,0.0606538297375664
"159",0.0065836027264595,0.123050773516297,0.0557193600339815
"160",0.00612655876204371,0.0668825146509335,0.0644637954770587
"161",0.00902784107718617,0.119467977108434,0.0703502445016056
"162",0.00696133350487798,0.107031412934884,0.0369333125767298
"163",0.00566782538313419,0.0583484947681427,0.0479123200289905
"164",0.00639083140064031,0.129513983428478,0.059988802857697
"165",0.0128883883124217,0.0947205193340779,0.0632047043065541
"166",0.0107300654612482,0.146239285799675,0.0308814606862143
"167",0.0147832204191945,0.111083608190529,0.03228128090268
"168",0.00631432790309191,0.128180557163432,0.0691043922561221
"169",0.0057110919803381,0.0913420691154897,0.0748806971590966
"170",0.011006711255759,0.128148109279573,0.0489138062577695
"171",0.0113393827131949,0.124222382437438,0.0419532583793625
"172",0.00789500349899754,0.0615514528937638,0.0510068161529489
"173",0.00803308171918616,0.0983880318002776,0.0733460275107063
"174",0.0123759147711098,0.088857186306268,0.0443992576212622
"175",0.0100806747074239,0.143797814217396,0.0412062928429805
"176",0.0134734029206447,0.107135115424171,0.0531490323483013
"177",0.0117358135688119,0.0657227490562946,0.0553316786768846
"178",0.00988762693945318,0.134860324347392,0.026161612838041
"179",0.00636795751284808,0.112812827783637,0.0651764343143441
"180",0.0136296031740494,0.124007151392289,0.0285506484215148
"181",0.00653742532245815,0.128391090035439,0.0436123178224079
"182",0.00689576824428514,0.143280241498724,0.0338790011242963
"183",0.0149111024802551,0.10480672151316,0.0631112830596976
"184",0.00584228893509135,0.0647465107729659,0.0297504115034826
"185",0.00563116835663095,0.12465153420344,0.0612859041779302
"186",0.007118428517133,0.115550031908788,0.073051832895726
"187",0.0105948441545479,0.0784357090946287,0.065973662212491
"188",0.0120951447635889,0.0749453125055879,0.0318012914853171
"189",0.013024563966319,0.105119138769805,0.0713245076942258
"190",0.00941305571002886,0.122006328660063,0.0561961840954609
"191",0.0126741532655433,0.0810199695639312,0.0277406435692683
"192",0.0143753957329318,0.0862373464740813,0.0579426855314523
"193",0.0107960828649811,0.0635533488821238,0.0600848676054739
"194",0.010543230928015,0.0896219793707132,0.0653265594737604
"195",0.00960793399950489,0.107973483088426,0.0538882133550942
"196",0.00585704114055261,0.141137504740618,0.0720570489414968
"197",0.012442526021041,0.105889419722371,0.0356873329146765
"198",0.0119070951500908,0.0998195430962369,0.0740856120246463
"199",0.012415622707922,0.149082638765685,0.0701442450052127
"200",0.0124046765663661,0.0774290882982314,0.0403324323357083
"201",0.00782108886400238,0.113648802088574,0.0657905370928347
"202",0.012427149398718,0.0624033560510725,0.0748856448568404
"203",0.00544004950672388,0.0956122273346409,0.037331803899724
"204",0.00735561104025692,0.084703804878518,0.0259171261801384
"205",0.0074941336363554,0.104525095038116,0.0349522395757958
"206",0.00840810072608292,0.0543569474015385,0.0340777275385335
"207",0.00632077377988026,0.0666245401604101,0.0618368451250717
"208",0.0142658073734492,0.0692918397719041,0.0466078058700077
"209",0.0104460152052343,0.0972282769391313,0.0466755852219649
"210",0.00582566546741873,0.107345964666456,0.0434357139631175
"211",0.0115946117835119,0.0502929852344096,0.0537985952105373
"212",0.0149060794664547,0.0944670928409323,0.0320967030944303
"213",0.0119425138435327,0.145898272586055,0.0563095817458816
"214",0.0131089147436433,0.141887482767925,0.0619817000930198
"215",0.0104326034570113,0.143655275879428,0.0498236075276509
"216",0.0114479627809487,0.114989540167153,0.0318590309354477
"217",0.00774597983807325,0.0951643933542073,0.0626895412569866
"218",0.0074249092512764,0.0631785571807996,0.0675906637334265
"219",0.00813456569798291,0.0890631156507879,0.0675117288832553
"220",0.0140096633275971,0.0715961959213018,0.026213144371286
"221",0.0133853376703337,0.118672870262526,0.0712151006213389
"222",0.00842811432434246,0.074658712092787,0.0734534369199537
"223",0.00810540187638253,0.0964659418910742,0.0735073568648659
"224",0.00916909278836101,0.0641584482043982,0.0738699433160946
"225",0.0142681890749373,0.11500353643205,0.049890924745705
"226",0.00912663676775992,0.139821728691459,0.0344935180037282
"227",0.0120730000222102,0.0741428985958919,0.054098162567243
"228",0.0110472075152211,0.0589038038859144,0.0525605134782381
"229",0.0056909165228717,0.101233645831235,0.0744208394433372
"230",0.0134581869305111,0.110636114608496,0.0288639707025141
"231",0.0145800083084032,0.0812877955846489,0.0693967144354247
"232",0.0136370999994688,0.140630884724669,0.0660632944665849
"233",0.00527508498402312,0.124902553367429,0.0291427667136304
"234",0.00955531310755759,0.0583249580347911,0.072729704529047
"235",0.00979820307577029,0.126614293223247,0.0690252516767942
"236",0.0141165614128113,0.109182054479606,0.0406670307856984
"237",0.00738455237355083,0.0660255132010207,0.0683019090327434
"238",0.0148964665224776,0.114714818983339,0.046319256501738
"239",0.0118048149649985,0.096659541525878,0.0472099864389747
"240",0.00826051280368119,0.0626098718261346,0.0559927929425612
"241",0.00995414570905268,0.0890376082155854,0.0542991710826755
"242",0.00571668040240183,0.105161774088629,0.0334029125981033
"243",0.00583960040006787,0.131375231291167,0.0738637337577529
"244",0.007806485905312,0.137734559760429,0.0485594062367454
"245",0.0109916644706391,0.0985611859476194,0.0747211659210734
"246",0.00626423975452781,0.144172267895192,0.0424433201202191
"247",0.013041508749593,0.106413715984672,0.0534092073328793
"248",0.00696182351093739,0.0791803136002272,0.0359253259026446
"249",0.008827252285555,0.102762096840888,0.0276144077419303
"250",0.00627790914615616,0.0798075107159093,0.0740437348373234
"251",0.0113478576694615,0.122100185905583,0.070710977294948
"252",0.0129431870742701,0.140769616421312,0.0551178149064072
"253",0.00958392576547339,0.145471935439855,0.030231227632612
"254",0.00622656871564686,0.0530085515230894,0.0534831434488297
"255",0.00988431646255776,0.0522475628415123,0.0578707805252634
"256",0.0134699235158041,0.0569483959814534,0.0706871747272089
"257",0.0118495248747058,0.0505292793503031,0.0599762880592607
"258",0.0140630430891179,0.128025625972077,0.0423960731946863
"259",0.011809578423854,0.143523846613243,0.036280554451514
"260",0.00881007455522194,0.122645937069319,0.0354442151612602
"261",0.0103532511228696,0.0710708072641865,0.0487411937210709
"262",0.0103164511779323,0.0966200518188998,0.0440552268526517
"263",0.0113639986980706,0.11879496932961,0.0629150956054218
"264",0.00772810438182205,0.0714772124774754,0.0438257761416025
"265",0.0139462354546413,0.121061079553328,0.0686584034585394
"266",0.00604849815601483,0.0778370172949508,0.0684686409658752
"267",0.00553809998556972,0.0995537712005898,0.0562233443371952
"268",0.00597877515014261,0.133021602570079,0.072794359351974
"269",0.00874129312578589,0.105221386859193,0.0373534595128149
"270",0.0126023071166128,0.0739954028744251,0.0605208679102361
"271",0.00516770157031715,0.105266951350495,0.0462093143723905
"272",0.0111683722352609,0.141697519831359,0.0378825398744084
"273",0.00723999042529613,0.0983301524538547,0.0484050783212297
"274",0.0085387728177011,0.142868566466495,0.0541158345411532
"275",0.008382027389016,0.0735117403324693,0.0720392977586016
"276",0.0140469846711494,0.135358267626725,0.0551352789159864
"277",0.0096760746371001,0.140213571488857,0.0426350710331462
"278",0.0146391465631314,0.0965139739215374,0.0463507913751528
"279",0.0118693798244931,0.0669569573597983,0.0475948908715509
"280",0.00639175506774336,0.0570617123739794,0.0696202820399776
"281",0.00771206366363913,0.0821953348116949,0.0255155418650247
"282",0.00963064482202753,0.0760674238437787,0.0481351951719262
"283",0.0134834070410579,0.0682494039880112,0.04927956124302
"284",0.0135386908566579,0.0979376356117427,0.0722767948987894
"285",0.0119020750606433,0.076787759992294,0.0664368396042846
"286",0.0124967061146162,0.124607631424442,0.0522273989743553
"287",0.00641594298416749,0.107143987435848,0.0270045702345669
"288",0.00576265728799626,0.148925424483605,0.0260273033636622
"289",0.0128864315967076,0.143192014098167,0.044775273418054
"290",0.0114672744646668,0.139268364082091,0.0308880011318252
"291",0.013358828718774,0.089826333289966,0.0281667354283854
"292",0.00736382182920352,0.0514376237057149,0.0603767307125963
"293",0.00850833722390234,0.0954823032021523,0.0722965514636599
"294",0.00502881317166612,0.0585561421932653,0.0736249503563158
"295",0.00999820128083229,0.113726756465621,0.0558277146657929
"296",0.00696360796689987,0.131074646976776,0.0384801818989217
"297",0.0135665291547775,0.126608857070096,0.0429573385976255
"298",0.0120669538364746,0.10214972475078,0.0402691545314156
"299",0.00759645549347624,0.117046867450699,0.034844551095739
"300",0.0135419241851196,0.0939758860971779,0.0400068244547583
"301",0.0110822174395435,0.113565866858698,0.0251974311890081
"302",0.00600097894668579,0.103900094074197,0.0748012561583892
"303",0.00673693722812459,0.0786565539194271,0.03928187857382
"304",0.00981445267098024,0.127383345901035,0.0665396980009973
"305",0.00741133994655684,0.0579361170530319,0.0255934424581938
"306",0.0108652190072462,0.0986450229538605,0.0670518261380494
"307",0.0125524027878419,0.0734620405826718,0.032179317669943
"308",0.00636798743158579,0.0922764707123861,0.0275203668628819
"309",0.0143549853283912,0.0947803870076314,0.0675529009778984
"310",0.0139351442828774,0.103062136634253,0.0604087644256651
"311",0.0102247474435717,0.0647810303606093,0.0312832205789164
"312",0.00997558254748583,0.106534070987254,0.0652755082701333
"313",0.0050505925831385,0.0809338186634705,0.0378672027611174
"314",0.00894092185888439,0.147406305209734,0.0401926019811071
"315",0.00865636756410822,0.0931814626324922,0.0274052412016317
"316",0.00683690722333267,0.0886166064301506,0.0370139170787297
"317",0.00819313006708398,0.148763418244198,0.0726768553140573
"318",0.00825723117683083,0.123173482948914,0.0365491187316366
"319",0.0134464832465164,0.130153016583063,0.05881414974574
"320",0.012461469816044,0.0658077099593356,0.0602966595557518
"321",0.0116352415364236,0.0868090357864276,0.0350514918682165
"322",0.0061855352204293,0.080649878596887,0.0490423184121028
"323",0.00985800880473107,0.092533293296583,0.029457400762476
"324",0.0143648193497211,0.123143503651954,0.0613522701431066
"325",0.0123752184468321,0.0943192734150216,0.0294979993952438
"326",0.00640424517914653,0.0962390328291804,0.0688315354869701
"327",0.00543793180724606,0.121614091121592,0.0596987651311792
"328",0.00519664539955556,0.11305915908888,0.0384413571096957
"329",0.0100759423035197,0.109681562078185,0.0388927107327618
"330",0.0116885971534066,0.0545581662794575,0.0463762646540999
"331",0.00829978081630543,0.135176417743787,0.0706500184140168
"332",0.00754737691022456,0.138415028178133,0.0419941853382625
"333",0.00945506441639736,0.112639490165748,0.0309099010075443
"334",0.00930897757643834,0.0544869259698317,0.0713793465634808
"335",0.00515378624433652,0.0553250492783263,0.0733752552536316
"336",0.00947290158132091,0.13674304028973,0.0443315233569592
"337",0.0139078526012599,0.134986792691052,0.0688653944758698
"338",0.00758822306524962,0.12101695840247,0.070653558941558
"339",0.013210004598368,0.0934233050560579,0.0704717233660631
"340",0.0146547479717992,0.073531056381762,0.0714732607244514
"341",0.00521012842888013,0.11726061324589,0.062576732377056
"342",0.010132669089362,0.112876588082872,0.0437390436418355
"343",0.011820492236875,0.0903358758427203,0.0280502874171361
"344",0.0111137423710898,0.139111144980416,0.0429308582330123
"345",0.00744969648774713,0.073684121016413,0.0562173380632885
"346",0.01332977039041,0.130156275769696,0.0464393394067884
"347",0.0073248700867407,0.138157815928571,0.061903599393554
"348",0.0103341693733819,0.0786780942464247,0.0289405913208611
"349",0.0148225510935299,0.138153421878815,0.0621690831612796
"350",0.00656728426460177,0.084917863830924,0.0513747180462815
"351",0.00879893416771665,0.0586407754104585,0.0262533311033621
"352",0.0136625316319987,0.0591903466265649,0.0735648424015381
"353",0.0135340238292702,0.0528280406724662,0.0372013870743103
"354",0.00873968581669033,0.0599921951536089,0.0586590141174384
"355",0.00629907968686894,0.128828729200177,0.0567803551210091
"356",0.0115978730143979,0.0953056788537651,0.0431578531861305
"357",0.0144705482502468,0.0604805198963732,0.0380394780891948
"358",0.00538294205907732,0.121033494593576,0.0274754173937254
"359",0.0136380862933584,0.133334039733745,0.0511368512874469
"360",0.0115829423512332,0.148909793398343,0.0573451025760733
"361",0.0133265622914769,0.118669447116554,0.0452120452420786
"362",0.00633686336223036,0.0930499149253592,0.0316244002431631
"363",0.00848265161504969,0.0865989475278184,0.0590158544480801
"364",0.0120489465515129,0.0734468357171863,0.0686319706379436
"365",0.0112852772464976,0.0906183960381895,0.0259974839049391
"366",0.0135692274034955,0.0530769501579925,0.0562350784195587
"367",0.0054456684156321,0.0542497045360506,0.0646292283199728
"368",0.00921693818410858,0.148076252802275,0.0678087202599272
"369",0.00672506968490779,0.0593323326902464,0.0505040798219852
"370",0.0101503487606533,0.101077284570783,0.0404014747706242
"371",0.00610478173708543,0.0923953192774206,0.0579139537410811
"372",0.0065245183929801,0.120514572691172,0.0308589689084329
"373",0.00854045185493305,0.111936629074626,0.0418540068203583
"374",0.0127190846926533,0.0659601151244715,0.0302111130440608
"375",0.0144526979443617,0.0629575079074129,0.0488101435243152
"376",0.00558449672069401,0.101713968859985,0.0678222771733999
"377",0.00584041280439123,0.148393624671735,0.0488074956345372
"378",0.0062035229220055,0.0786242865491659,0.0563189680106007
"379",0.0110969792352989,0.0803270466858521,0.0604905891581439
"380",0.0103783784201369,0.077497963863425,0.0594399184337817
"381",0.00655210544355214,0.0756793868727982,0.0656137671205215
"382",0.00791286854306236,0.140597388450988,0.0437446895986795
"383",0.012377206699457,0.0774460379267111,0.059248589258641
"384",0.00832161896629259,0.101735540130176,0.0609498198726215
"385",0.0106489903316833,0.121827281801961,0.0302086796495132
"386",0.0119671427970752,0.136705737491138,0.0531041526817717
"387",0.00811307553900406,0.0503778553800657,0.0491849522222765
"388",0.0103248968184926,0.0608686406165361,0.0601319743669592
"389",0.00503828548127785,0.0934563329676166,0.027014777099248
"390",0.00984199231723323,0.129084777436219,0.0699368064990267
"391",0.0145065688411705,0.0988733240636066,0.058553342113737
"392",0.0138357660593465,0.147243259567767,0.0723586315056309
"393",0.00945824038470164,0.0551499780267477,0.0268573609762825
"394",0.00629690874833614,0.141787585266866,0.0620506298495457
"395",0.0145973182027228,0.0668887203093618,0.0518431544071064
"396",0.0102700482192449,0.0859916675835848,0.0450468213064596
"397",0.00738394466694444,0.131540612713434,0.0407938024611212
"398",0.0080348326312378,0.133063038159162,0.0561303173657507
"399",0.00809014681726694,0.0866993577219546,0.0574857045314275
"400",0.00753161638742313,0.0651874547358602,0.0715480386978015
"401",0.00533999572973698,0.100205009290949,0.0463340110145509
"402",0.00815135027747601,0.138141611800529,0.0392724060453475
"403",0.01101718936814,0.0555121102370322,0.0454915370792151
"404",0.0117286451673135,0.132424391130917,0.0437453934107907
"405",0.00757658711867407,0.0735639002872631,0.0527509230421856
"406",0.00786218043183908,0.146374061680399,0.0748085288098082
"407",0.00852344018639997,0.0748430445091799,0.0391065352130681
"408",0.00982553405920043,0.0899297269061208,0.0497282529366203
"409",0.00649141351459548,0.144316609599628,0.0571318216738291
"410",0.0054384128889069,0.0689506222028285,0.0334719779668376
"411",0.0112575589097105,0.0890480700647459,0.0541452487697825
"412",0.00768302825279534,0.125439330330119,0.0301473107887432
"413",0.0113605678686872,0.0651535935467109,0.0646850936231203
"414",0.0145489053125493,0.137090149498545,0.0384149728808552
"415",0.00938540828647092,0.0716584119480103,0.0279704448999837
"416",0.00712730478495359,0.148240305599757,0.0609886348131113
"417",0.0131539709982462,0.0594622738193721,0.0401945786667056
"418",0.00543148200726137,0.120469622616656,0.0505025899386965
"419",0.00749433507444337,0.0733678038464859,0.0372498046373948
"420",0.00731763289077207,0.134923145151697,0.0321292524924502
"421",0.00696479254867882,0.126969524938613,0.0745129614020698
"422",0.0094918960519135,0.117081656982191,0.0739058410283178
"423",0.0121958650415763,0.0697138548828661,0.0498864142224193
"424",0.0116412912751548,0.142105713463388,0.0695664222002961
"425",0.0128571576415561,0.143530600122176,0.0497110301163048
"426",0.011900998253841,0.11572647637222,0.0404514013207518
"427",0.00764635013416409,0.145036521344446,0.0472860237932764
"428",0.0145855186297558,0.0891581736737862,0.0358854858786799
"429",0.00573230600683019,0.138021959899925,0.0365515789366327
"430",0.0141419000155292,0.126987122092396,0.0282408804167062
"431",0.00768037499859929,0.109203851548955,0.0579453081241809
"432",0.0138000511215068,0.0803899755701423,0.046056808764115
"433",0.00859399511944503,0.0990688382415101,0.0701122179743834
"434",0.00621743556344882,0.0777001039357856,0.0677917016902939
"435",0.0120773243694566,0.109235630440526,0.0528561840299517
"436",0.0101427605678327,0.149469444947317,0.0296618330175988
"437",0.00752647563582286,0.139922651415691,0.0628495388897136
"438",0.0124504150752909,0.132454655529,0.0703100035665557
"439",0.0114406867767684,0.0839512486243621,0.0454398691770621
"440",0.0147999957669526,0.0831919232849032,0.0384004988358356
"441",0.0132153967837803,0.0840042088646442,0.0256113628391176
"442",0.00523159641772509,0.114292091503739,0.0664048550883308
"443",0.0143009178666398,0.0995435825083405,0.0295567701221444
"444",0.0105544935236685,0.0995464813895524,0.0582207247847691
"445",0.0114220424857922,0.0508275772677735,0.0725905811996199
"446",0.0135891037574038,0.109410770307295,0.043457635527011
"447",0.0128478505811654,0.113156373915263,0.0557371698669158
"448",0.00988484702073037,0.099854100169614,0.0639872538857162
"449",0.0142013243120164,0.0952343266457319,0.0432163562159985
"450",0.00971819423139095,0.0879269439727068,0.0656182276085019
"451",0.00817186204949394,0.14777652756311,0.0422234134399332
"452",0.00617950185434893,0.113097668602131,0.0323782254708931
"453",0.0063662386010401,0.131397646386176,0.0705141532002017
"454",0.0109700265806168,0.149742512381636,0.0515875359997153
"455",0.0127483110991307,0.0577215119032189,0.0315782873192802
"456",0.0100790714588948,0.0920097570400685,0.0281471381545998
"457",0.00969032933935523,0.0838000647490844,0.0422092015738599
"458",0.00839196394663304,0.0967528401175514,0.0448875300819054
"459",0.00600300249177963,0.10347451781854,0.0738016706891358
"460",0.00537760892184451,0.105711558810435,0.0564255995443091
"461",0.00594732203520834,0.0718411792768165,0.0569018937181681
"462",0.0135487003577873,0.10629987034481,0.029584353894461
"463",0.00962457982590422,0.0947341416263953,0.063704307214357
"464",0.00622648203279823,0.0591190136270598,0.0487369289621711
"465",0.00932199544738978,0.104410335374996,0.0419132776674815
"466",0.0121595293609425,0.0559636170277372,0.0404731547692791
"467",0.00990884533850476,0.0970638789702207,0.0383602837915532
"468",0.0133142827707343,0.149972891435027,0.0569242485566065
"469",0.0103564711334184,0.136765873245895,0.0625274181249552
"470",0.00817791006760672,0.0511181520065293,0.0643496362376027
"471",0.00793490802403539,0.0741361526306719,0.0411258426029235
"472",0.00513058715034276,0.086979303881526,0.0465235180337913
"473",0.00639539382886142,0.132124611455947,0.0484823355334811
"474",0.0102535511855967,0.0791715496452525,0.0465565054677427
"475",0.0123293450754136,0.144536139955744,0.0580728360917419
"476",0.00622611489612609,0.0994472463615239,0.0716978994314559
"477",0.00827667325735092,0.123577547911555,0.0341529983910732
"478",0.00885166914667934,0.0541688942117617,0.0348017825977877
"479",0.0110437161196023,0.0576849510194734,0.0524688943522051
"480",0.00684025071328506,0.0847505697747692,0.0291357744252309
"481",0.0127725898334756,0.0837966189021245,0.0525592139107175
"482",0.0128254524525255,0.0818976269103587,0.0501306681428105
"483",0.00533031062455848,0.0733800966758281,0.0570094457361847
"484",0.00718680409016088,0.115634289104491,0.0441574874916114
"485",0.0135584222944453,0.0595019140280783,0.0579478986910544
"486",0.0145117240585387,0.0981523736380041,0.04125451996224
"487",0.0136427235626616,0.0804802040103823,0.0376949135796167
"488",0.0111950256791897,0.0983948718756437,0.0699343239539303
"489",0.0100219659949653,0.124283868959174,0.0517980593605898
"490",0.0124848093930632,0.105158029752783,0.0337576833320782
"491",0.00924932660069317,0.0843562595779076,0.0474189429543912
"492",0.0102978538302705,0.0970094604184851,0.0422994707711041
"493",0.00812693008687347,0.124829320446588,0.0299198760534637
"494",0.00734584699152037,0.138605196983554,0.0681511051254347
"495",0.0102467074431479,0.0827531184069812,0.0548392932396382
"496",0.00969897331204265,0.143670475343242,0.0695798681699671
"497",0.00682012020610273,0.149486319930293,0.0746345565072261
"498",0.0123039349494502,0.140864182310179,0.0493963440181688
"499",0.0148830276774243,0.13796164880041,0.0355237919604406
"500",0.00778056688373908,0.0768232867820189,0.0567663341877051
"501",0.011977422600612,0.140599191072397,0.0626342347590253
"502",0.0136291961022653,0.0788910143077374,0.0637388844508678
"503",0.00749786931555718,0.14538765612524,0.0657741128234193
"504",0.0130568900331855,0.145774339255877,0.029120728909038
"505",0.0132153112464584,0.0874115976504982,0.0682579220505431
"506",0.00616141812410206,0.101305661560036,0.0737960225204006
"507",0.00770654242718592,0.106530300877057,0.0353519784170203
"508",0.0110929890582338,0.119025361980312,0.047735928313341
"509",0.0144565659202635,0.149804630037397,0.0678724123514257
"510",0.00687172014499083,0.068161916336976,0.0730747578549199
"511",0.00858690333552659,0.0607002787059173,0.0382755949976854
"512",0.00557670563459396,0.118568736780435,0.049663997720927
"513",0.0107906350656413,0.139701411523856,0.0726269527338445
"514",0.00789891742169857,0.125386608811095,0.0250849271425977
"515",0.0100401521218009,0.122900314931758,0.0749636654509232
"516",0.0126714516081847,0.0665496242931113,0.0358454501605593
"517",0.0149964887672104,0.0976567566394806,0.0435168597963639
"518",0.00513078955933452,0.0653384875273332,0.0608115562587045
"519",0.00901370989857241,0.097450871905312,0.0335655278642662
"520",0.00896209245081991,0.117668474651873,0.0540290444274433
"521",0.00889240208314732,0.068025126750581,0.0438264920492657
"522",0.0116404918092303,0.130835284455679,0.0504071739735082
"523",0.00904517906252295,0.0915853808401153,0.072506379627157
"524",0.0113891053013504,0.0800912583479658,0.052102114749141
"525",0.013584711169824,0.10789174430538,0.0647008681553416
"526",0.0100058526638895,0.117366209998727,0.039248368924018
"527",0.00991865668445826,0.136269775987603,0.0615529270260595
"528",0.00917536610970274,0.099969307356514,0.0496942190104164
"529",0.00964632538845762,0.0980186023050919,0.0540446121944115
"530",0.0132677202671766,0.0635083452332765,0.0653996263514273
"531",0.0142454237141646,0.0914531355723739,0.0361329620704055
"532",0.00816117755370215,0.128318819985725,0.0663331056712195
"533",0.00766681551700458,0.0857278926996514,0.0738251745002344
"534",0.00995927898213267,0.138661157316528,0.0467113084741868
"535",0.0110187036893331,0.0506719439290464,0.0266816282528453
"536",0.00639801549958065,0.0704268145374954,0.0496998228831217
"537",0.0081034649303183,0.0664814698742703,0.0723848193767481
"538",0.00544126472901553,0.11884958401788,0.0459537126240321
"539",0.0140963558061048,0.068099123169668,0.0388026740751229
"540",0.0121917439927347,0.0858491546707228,0.0671570591977798
"541",0.014114316101186,0.133539247815497,0.0684249396203086
"542",0.0136718556564301,0.0975083207013086,0.0725733378669247
"543",0.00927327932324261,0.0547245011897758,0.040748162381351
"544",0.0133445016201586,0.0507237772457302,0.0451927599031478
"545",0.00519775013905019,0.136559157492593,0.0453477004426532
"546",0.00901373753556982,0.142720426409505,0.0457247527316213
"547",0.00684081348124892,0.13508812605869,0.06382708651945
"548",0.00582320984918624,0.142573271272704,0.0344876610906795
"549",0.012526232439559,0.0807116065640003,0.0708858393947594
"550",0.00752965170657262,0.136922851623967,0.0553631541784853
"551",0.0135612057661638,0.137262110877782,0.074525699520018
"552",0.01382808301365,0.0720028650714085,0.0345471619395539
"553",0.0126741083245724,0.113968684757128,0.0725053400034085
"554",0.00840661359718069,0.101800051843748,0.061603996285703
"555",0.00756985541200265,0.0871100159361959,0.0467532800510526
"556",0.0107663040515035,0.113698568521068,0.0606036114390008
"557",0.0138113031699322,0.107475259550847,0.0500867131049745
"558",0.00573093377286568,0.0767129459651187,0.0340720699168742
"559",0.0136392425769009,0.0883826272562146,0.0674684027442709
"560",0.00969054227462038,0.140821125754155,0.0714960838435218
"561",0.00879655121127143,0.113338241493329,0.0484099181019701
"562",0.0132614618772641,0.0824954806128517,0.0274351805099286
"563",0.00824934154981747,0.121738083544187,0.0602858078433201
"564",0.00854499083245173,0.0917667945148423,0.0525446390616708
"565",0.0125462009222247,0.0513554878532887,0.0731262985849753
"566",0.00511071714339778,0.0852244144538418,0.0572556226747111
"567",0.0116840695729479,0.115588502725586,0.0542147261090577
"568",0.0125103054312058,0.115534588228911,0.0474542506970465
"569",0.0123322693142109,0.134927539946511,0.0544340714579448
"570",0.0053804779285565,0.109352681273595,0.0723155695712194
"571",0.0105159328645095,0.0926852722652257,0.0664491664734669
"572",0.0116540360334329,0.0710937859723345,0.027764247264713
"573",0.00830852271523327,0.0907948494656012,0.0497341922717169
"574",0.0139496571128257,0.0961759507656098,0.0512457767152227
"575",0.0102524595614523,0.0785600251983851,0.03846444679657
"576",0.013352369160857,0.0686163859674707,0.069584678625688
"577",0.0107146742916666,0.118469255161472,0.0681919282535091
"578",0.00546353665646166,0.080464787222445,0.0679325976758264
"579",0.0113764548138715,0.0531357229920104,0.0477000202052295
"580",0.0120541629381478,0.123754718177952,0.0585602492792532
"581",0.00620806987630203,0.0975606590276584,0.0325344418175519
"582",0.00641172112431377,0.0515303101623431,0.0447489633806981
"583",0.00856484400574118,0.12702735781204,0.0732661810703576
"584",0.0134445378440432,0.127096885279752,0.0473392907413654
"585",0.0118640214391053,0.0755138630280271,0.0616494596237317
"586",0.0129238289524801,0.129218221851625,0.0459831508924253
"587",0.00784660205710679,0.0511553159216419,0.0307376365875825
"588",0.00682728284271434,0.110340598551556,0.0571588288643397
"589",0.00523009498137981,0.0677192339906469,0.0605084465350956
"590",0.0141404233989306,0.142821763502434,0.0715493769850582
"591",0.0124079316388816,0.111148801608942,0.0275519291986711
"592",0.00557152283843607,0.139583685528487,0.0265404980280437
"593",0.00532172544160858,0.107156411418691,0.047130087739788
"594",0.0141156647680327,0.099731319071725,0.0636714600608684
"595",0.0138678975426592,0.0733174938475713,0.0466010110452771
"596",0.00980072896927595,0.0643087239703164,0.0534650997491554
"597",0.00981974248541519,0.0798343823757023,0.0660738085280173
"598",0.0134742684918456,0.134251242061146,0.0308567141648382
"599",0.00617501049069688,0.0907182030845434,0.0284442148404196
"600",0.0062707691336982,0.123521610558964,0.0748726883670315
"601",0.00932263569207862,0.0523876773193479,0.0380736953578889
"602",0.0115684806602076,0.14902175583411,0.0291049851221032
"603",0.0143156515923329,0.0917512853164226,0.0638297189143486
"604",0.00584232589229941,0.0883636961691082,0.0724690895644017
"605",0.00640629854053259,0.112873700470664,0.0504801367293112
"606",0.0124023413658142,0.114494957891293,0.0456038612406701
"607",0.0120036810077727,0.0883695720229298,0.0365369926439598
"608",0.0120875602634624,0.0920961509458721,0.0496997064328753
"609",0.0142872273456305,0.0936391486087814,0.0404793818248436
"610",0.00787808984983712,0.0621046537999064,0.0713851791224442
"611",0.00707443785853684,0.142417055368423,0.0535188234527595
"612",0.00579084178898484,0.0727413046406582,0.0280910481116734
"613",0.0101859278255142,0.0919068863615394,0.0345848133787513
"614",0.00596106711309403,0.0988937881775201,0.0286455806577578
"615",0.0133775436133146,0.138826934690587,0.0354580298415385
"616",0.0107016552868299,0.0568553722230718,0.0330522297183052
"617",0.0139621119340882,0.069075883179903,0.0584320217138156
"618",0.00956192401470616,0.131348827900365,0.0260959325358272
"619",0.00509708255762234,0.123306842544116,0.0504530573962256
"620",0.00545092093292624,0.122760171676055,0.0357868373976089
"621",0.00631997655145824,0.111237428104505,0.070414541522041
"622",0.0054581904783845,0.141805362165906,0.0567375402781181
"623",0.0125659865234047,0.0542431504931301,0.0507581109995954
"624",0.0145777488127351,0.0694626642158255,0.0260296620079316
"625",0.00565484715392813,0.0838333263527602,0.0375981674878858
"626",0.00687565728323534,0.11347741947975,0.0731939030927606
"627",0.0149379469337873,0.0994280050275848,0.0289620717405342
"628",0.0117537378077395,0.0867687900783494,0.0601182909565978
"629",0.0111689507821575,0.0746962587581947,0.0745192083297297
"630",0.00710428656777367,0.139225990045816,0.0741964031825774
"631",0.0139129342511296,0.091525278845802,0.0486721206223592
"632",0.0103475797595456,0.111724046454765,0.041643958282657
"633",0.0134446373651735,0.0701322192326188,0.0314941653166898
"634",0.00563860775670037,0.0687434946186841,0.0300024889525957
"635",0.00516679683700204,0.123605782771483,0.0681879821931943
"636",0.0131693033408374,0.0675233792047948,0.0645250312285498
"637",0.00772543802391738,0.0706256943987683,0.0652865284821019
"638",0.0105084942677058,0.144363728375174,0.0561632175114937
"639",0.0129477634048089,0.0755278860917315,0.0514346148935147
"640",0.0106914849206805,0.0919646803988144,0.0252166513470002
"641",0.014670094891917,0.138449289719574,0.0562133263098076
"642",0.013839180781506,0.109242070815526,0.0304964071256109
"643",0.0109418522450142,0.0984489932423458,0.074489918211475
"644",0.00716877834871411,0.0554534727707505,0.0562850597081706
"645",0.00887286668876186,0.0909322409890592,0.0253621556446888
"646",0.00767620611237362,0.110569324530661,0.03647182964487
"647",0.0130871966155246,0.120097161317244,0.0603835213230923
"648",0.00964605697663501,0.106614539888687,0.0540020761312917
"649",0.00899879492353648,0.0675067565403879,0.0368802995304577
"650",0.0133820320875384,0.139607335277833,0.0254984384868294
"651",0.0115873448108323,0.0820372978691012,0.0587867934023961
"652",0.0141719301906414,0.0588235004339367,0.0326572311460041
"653",0.0106698711076751,0.113915056688711,0.0390650586807169
"654",0.00565131535055116,0.0633523522177711,0.0440203582402319
"655",0.0101223870320246,0.114215309964493,0.0601344116148539
"656",0.0113077499927022,0.0878215058939532,0.0729040572652593
"657",0.0126172494911589,0.0911252350080758,0.0402768289786764
"658",0.0135915042296983,0.10739404852502,0.0515925198676996
"659",0.00616017725551501,0.147853753599338,0.0290051454328932
"660",0.00566688196035102,0.0555521561764181,0.0314306369284168
"661",0.00962040843674913,0.101676150830463,0.0283877735841088
"662",0.0116522090742365,0.106493035610765,0.0431293191388249
"663",0.012153738529887,0.0895488115027547,0.0729088876396418
"664",0.0108366323984228,0.10205220207572,0.0660746437031776
"665",0.0105792262405157,0.0505778700578958,0.067424142616801
"666",0.00503507129615173,0.0516618570080027,0.0532350103720091
"667",0.00726973281474784,0.104631286393851,0.0374002985307016
"668",0.0127102870610543,0.0690389117691666,0.032734246365726
"669",0.0137549922033213,0.0908655367325991,0.0435626035206951
"670",0.0105325335799716,0.0904009899357334,0.0651292123598978
"671",0.0117839638818987,0.0757089433260262,0.049892468249891
"672",0.00625251152552664,0.137253685551696,0.0311122023966163
"673",0.0144169593718834,0.0860717758303508,0.0385342407040298
"674",0.00504043709486723,0.127033640281297,0.0607020370312966
"675",0.0098878304916434,0.107448190823197,0.0500152898021042
"676",0.00884853604482487,0.126096177496947,0.0737433765432798
"677",0.0108687435928732,0.0545915774535388,0.0627272712532431
"678",0.0105278205522336,0.0837118590017781,0.0514160870574415
"679",0.00758372117066756,0.0999945547431708,0.0385415294673294
"680",0.00787274310132489,0.108624176727608,0.0340610001469031
"681",0.0113812155718915,0.0677669211523607,0.0528105771983974
"682",0.00997533868066966,0.0730820967582986,0.0257550976122729
"683",0.0116252231691033,0.0894652124028653,0.0491150865913369
"684",0.0141282996418886,0.0620339619228616,0.0708490081946366
"685",0.0059558363747783,0.0558840229408816,0.052461770887021
"686",0.0115944921481423,0.133119009318762,0.0721817145356909
"687",0.00895796521333977,0.0507572318892926,0.0660143146407791
"688",0.011520815663971,0.14679353737738,0.0282880739425309
"689",0.0149599500745535,0.109322551311925,0.0280098369927146
"690",0.00629286381183192,0.0595619743922725,0.0359583917772397
"691",0.0112248134287074,0.12139933235012,0.0588843907928094
"692",0.0098750672256574,0.0766243001678959,0.0515069285524078
"693",0.0131645920523442,0.107417712686583,0.0487299493164755
"694",0.0134252130240202,0.100186428730376,0.0473443438182585
"695",0.0136870528105646,0.11352107860148,0.069348680600524
"696",0.0143001582473516,0.0671133828116581,0.0459417026373558
"697",0.00978607008466497,0.0574510748963803,0.0695854708668776
"698",0.00736979681998491,0.081327686435543,0.0596147728851065
"699",0.00731343370163813,0.115787927131169,0.0426415063906461
"700",0.00813245762139559,0.0502407111227512,0.0610068571055308
"701",0.00983341407496482,0.100070576928556,0.0725739428191446
"702",0.0117050633998588,0.0517660029930994,0.0493069778429344
"703",0.01066188150784,0.0888258887920529,0.0609323065145873
"704",0.00662903286283836,0.1129714012146,0.072331223951187
"705",0.0111513330345042,0.124151736195199,0.0253138592699543
"706",0.00589769402518868,0.121948879142292,0.0628534548450261
"707",0.00900553800165653,0.104827841185033,0.049698902212549
"708",0.00810877765761688,0.0613971753977239,0.0330365934874862
"709",0.00765204353258014,0.13222538093105,0.0258084610104561
"710",0.0119500422570854,0.059939295402728,0.0420781546505168
"711",0.0122548566595651,0.0784426634432748,0.0313674916396849
"712",0.00678506931522861,0.0743463480379433,0.0450291730463505
"713",0.011749172587879,0.0864643469918519,0.040698841935955
"714",0.00963962932117283,0.149657803052105,0.0473204642301425
"715",0.0125635511102155,0.122428292501718,0.055549322324805
"716",0.0101393033424392,0.149129464058206,0.0527697393670678
"717",0.0134311102307402,0.147561584110372,0.0728417930193246
"718",0.0141685449727811,0.0951595092192292,0.0524561247089878
"719",0.00577221229905263,0.134352695965208,0.046861717524007
"720",0.0106179466028698,0.111992431432009,0.0548944898415357
"721",0.0108996890042908,0.118274712166749,0.0467576557653956
"722",0.00599716494092718,0.0910998261300847,0.0383089183713309
"723",0.0130582079687156,0.0809358250815422,0.0309682977385819
"724",0.00842671495629474,0.0801101493882015,0.0527436877833679
"725",0.00735746907070279,0.0980287285987288,0.0610008690739051
"726",0.0120468743774109,0.0642033871030435,0.027711775735952
"727",0.00728779861936346,0.143532732594758,0.0567373689846136
"728",0.0129151146486402,0.128448398481123,0.0349819877068512
"729",0.00794358279323205,0.145901446323842,0.0363173795165494
"730",0.00769801212707534,0.106904079928063,0.0471226642141119
"731",0.00818479172186926,0.123488742578775,0.0489843175048009
"732",0.0121989110857248,0.0732368169585243,0.0520834137569182
"733",0.0102906710770912,0.0920064857229591,0.0291265179170296
"734",0.00878002281999215,0.0568214706378058,0.040727260208223
"735",0.00577749450225383,0.147988600493409,0.0664773638010956
"736",0.00950373374391347,0.0609737591585144,0.0748790701851249
"737",0.0137888956582174,0.144674417818897,0.061040672683157
"738",0.0130972029245459,0.144337604241446,0.028107471507974
"739",0.0130085861869156,0.0732976709026843,0.0679982062312774
"740",0.0106918943370692,0.0687122776871547,0.0726819954463281
"741",0.00516179088968784,0.0541895791422576,0.0632215812220238
"742",0.00948178550926968,0.100282715447247,0.0418625907041132
"743",0.0108890525298193,0.135107467486523,0.0372727127512917
"744",0.0140449391235597,0.0658306975616142,0.0691932825255208
"745",0.00655424183001742,0.0744607373140752,0.0508666157955304
"746",0.0115897283982486,0.118540061987005,0.0256852159509435
"747",0.00938472026027739,0.10795283797197,0.0525738022639416
"748",0.0133875220012851,0.075938512920402,0.051732207252644
"749",0.0138204619172029,0.0629284023772925,0.0569756096578203
"750",0.0136893613194115,0.113517372705974,0.0686835880973376
"751",0.00962851532269269,0.145402621757239,0.0686027422198094
"752",0.00708592920331284,0.0622407921822742,0.0635685580899008
"753",0.00567092523444444,0.112685204320587,0.0558345068013296
"754",0.0136137742153369,0.105828731344081,0.045366232690867
"755",0.012497407309711,0.109293609927408,0.0547852122457698
"756",0.0141222599986941,0.0969863748643547,0.0340141818975098
"757",0.0136461037839763,0.077900700410828,0.0392707764054649
"758",0.00722102218074724,0.12748715437483,0.0512170571833849
"759",0.00873499018605798,0.0564928366802633,0.0712442487361841
"760",0.00943656722083688,0.0880806837463751,0.0618152197799645
"761",0.00804524364415556,0.134953590971418,0.0457352751516737
"762",0.00960019015241414,0.12104738864582,0.0342203340493143
"763",0.00799068287480622,0.132712282170542,0.0449099320336245
"764",0.00883657974889502,0.0648367756744847,0.0577878225012682
"765",0.00558736433740705,0.0872808708343655,0.0566329711466096
"766",0.00701857744017616,0.0608206140808761,0.0703236921108328
"767",0.00974193960661069,0.135322188423015,0.0569994248216972
"768",0.00698352408362552,0.0732086994685233,0.0692751687020063
"769",0.0140595174301416,0.0503970243502408,0.0615006652893499
"770",0.00827233615331352,0.0771144522819668,0.042638288368471
"771",0.0109401836269535,0.100636605755426,0.0572654091287404
"772",0.00777388633461669,0.0708497070707381,0.0307765109813772
"773",0.0127945365430787,0.13443789659068,0.0606926647829823
"774",0.0062545472709462,0.0691845015157014,0.0527303342940286
"775",0.00873238787287846,0.110163649939932,0.0709127968526445
"776",0.00787272882182151,0.104525416530669,0.0692505887243897
"777",0.0146260801376775,0.0960970329819247,0.0330763524165377
"778",0.010632127171848,0.0809916405472905,0.0688516014488414
"779",0.0115586869744584,0.0733989896485582,0.0532309463364072
"780",0.0102392494794913,0.135781589383259,0.042267674067989
"781",0.00652462363941595,0.133577804500237,0.0589012158336118
"782",0.0118742614868097,0.143180792289786,0.0579077566508204
"783",0.0118669543555006,0.116027536895126,0.0559192922199145
"784",0.00979209810262546,0.144762390246615,0.0390341334976256
"785",0.0126305157621391,0.146908365632407,0.063708988041617
"786",0.00539531755959615,0.0895033149747178,0.0652509378036484
"787",0.00683380865491927,0.132637902419083,0.0558691522455774
"788",0.00836154548916966,0.138247076864354,0.0487582665169612
"789",0.00912581615382805,0.0506055351346731,0.0253441543201916
"790",0.0145662623038515,0.0789260188816115,0.0698162117158063
"791",0.0105134034622461,0.148082791990601,0.0306692592217587
"792",0.0135982985491864,0.104747622320429,0.0731342450482771
"793",0.00984606674173847,0.11499124201946,0.0641736075049266
"794",0.00789660276379436,0.121206753514707,0.052986800018698
"795",0.00767297811340541,0.14141235940624,0.0478034581174143
"796",0.0064919022214599,0.148998692026362,0.0618541685864329
"797",0.0129043481801637,0.105749568063766,0.0377502953168005
"798",0.0106579225417227,0.144390601571649,0.0585846692905761
"799",0.00575070275459439,0.0763586581218988,0.0463897091220133
"800",0.00658641233108938,0.109459008742124,0.0338230969267897
"801",0.00647300014272332,0.11038573354017,0.0715483470354229
"802",0.00809547873213887,0.126895182440057,0.03509789891541
"803",0.00566125373821706,0.0846361502073705,0.0297184512717649
"804",0.00924157573841512,0.0788682694314048,0.0413402876118198
"805",0.0125529890623875,0.0590187106048688,0.0696015662048012
"806",0.0145236916304566,0.100175031227991,0.0306602032273076
"807",0.0062728432379663,0.148176300618798,0.0450893686385825
"808",0.0141828873637132,0.124839139613323,0.0635280970484018
"809",0.0144856949709356,0.142892120615579,0.072276049060747
"810",0.00649853191105649,0.0786797545384616,0.0422200114117004
"811",0.0114039113023318,0.138147425744683,0.0347494616406038
"812",0.0136704043135978,0.110362506145611,0.0576590135344304
"813",0.00877351299626753,0.0637207293184474,0.0378501257742755
"814",0.0116423673392273,0.0588398355524987,0.0724209891282953
"815",0.00890952655579895,0.0529304300202057,0.0465933398460038
"816",0.00818471115548164,0.133307939744554,0.0561472202767618
"817",0.0117778177908622,0.0811781627126038,0.0484006198239513
"818",0.0130133596248925,0.0884871480055154,0.033534765150398
"819",0.00984949640464038,0.110652874456719,0.0599447740823962
"820",0.00674646429251879,0.102632752782665,0.0422978922026232
"821",0.00817406425019726,0.123265495849773,0.0542389424866997
"822",0.00528828550130129,0.149838819238357,0.0535658864770085
"823",0.0131766407494433,0.0737173616653308,0.0707696285448037
"824",0.00752289875410497,0.1092905534897,0.0547603450249881
"825",0.00891967511270195,0.0762414898257703,0.0695451649720781
"826",0.0061730059213005,0.101248382264748,0.0291229727678001
"827",0.0104376581287943,0.141805017390288,0.0532953374553472
"828",0.0137388508021832,0.145893645822071,0.0529800660791807
"829",0.0141120705171488,0.100214466103353,0.0469204106950201
"830",0.0111134490044788,0.0689608950400725,0.0691862824838609
"831",0.0123047593515366,0.143646483006887,0.0397741923574358
"832",0.00544153921771795,0.0555313298013061,0.0701089079491794
"833",0.0148257164401002,0.075821956130676,0.0364578541484661
"834",0.0053251079749316,0.116560265957378,0.0273718759301119
"835",0.00869645359460264,0.05755134022329,0.0625441249343567
"836",0.00752313761273399,0.120695119700395,0.0476943539688364
"837",0.0128186597977765,0.079613038757816,0.0560984474141151
"838",0.00626490271883085,0.0627387688495219,0.0667427791748196
"839",0.00521146659506485,0.146065491158515,0.0354168125311844
"840",0.00809108630055562,0.132026615110226,0.0610331424861215
"841",0.00985122082289308,0.0953275397885591,0.0466918092919514
"842",0.0115094538615085,0.149085068237036,0.0691876830416732
"843",0.00962067300919443,0.0727546466747299,0.0293295208713971
"844",0.0051984574389644,0.0887270437087864,0.0555276386090554
"845",0.00511141743510962,0.131243557715788,0.0302410048083402
"846",0.00554351889761165,0.109110439033248,0.0561225432786159
"847",0.0080584880313836,0.124884531856515,0.0508472439134494
"848",0.00513406316982582,0.138812467060052,0.0655881105456501
"849",0.00674871750175953,0.0772925457218662,0.0545260312501341
"850",0.0134750469285063,0.0766441334737465,0.053999703284353
"851",0.00983916619792581,0.0905471970327199,0.0304081924608909
"852",0.0147488603717647,0.129256561258808,0.0510774063994177
"853",0.0144641548465006,0.138403586554341,0.0680553959915415
"854",0.0149796747951768,0.064058091933839,0.0385731403017417
"855",0.00749934225575998,0.0880227186717093,0.0380262255901471
"856",0.00809158511925489,0.0932479285402224,0.030359730636701
"857",0.00530019391560927,0.101645727129653,0.0628513872623444
"858",0.0076321754604578,0.133270000573248,0.0295336027862504
"859",0.00528675055829808,0.0981740816030651,0.0432871790719219
"860",0.00920526149217039,0.132214552303776,0.0292514460277744
"861",0.0145644434518181,0.14813049659133,0.0662505811196752
"862",0.00691298935096711,0.101101174438372,0.0402230396401137
"863",0.00908591615967452,0.0736217003315687,0.0680934138712473
"864",0.00664199394406751,0.124430561345071,0.0655139005393721
"865",0.00659773555351421,0.102372237853706,0.0267022603424266
"866",0.00667597966501489,0.147524978406727,0.0308692397549748
"867",0.0111052773660049,0.103289868216962,0.0599191039684229
"868",0.00913630133261904,0.130106398114003,0.050876464729663
"869",0.0102224951004609,0.148112064856105,0.0550714071257971
"870",0.00776346519123763,0.0856549878837541,0.0447114226990379
"871",0.0145722038741223,0.123233333276585,0.027623049065005
"872",0.0135811639740132,0.145449647516944,0.0439698205678724
"873",0.00715268812607974,0.145445989165455,0.0388306138454936
"874",0.011574032464996,0.0653055120259523,0.0467186218244024
"875",0.00893762978492305,0.147295399731956,0.0594503774191253
"876",0.0123138161166571,0.117779990611598,0.0710677124676295
"877",0.0121738044987433,0.11881698993966,0.0431635233922862
"878",0.0121713056159206,0.124908197624609,0.0481252003577538
"879",0.00940802569268271,0.0891833530273289,0.0630648809252307
"880",0.00612587125506252,0.0843993899179623,0.0429201334016398
"881",0.00948410709854215,0.134893759852275,0.0583698403788731
"882",0.00532503464724869,0.0636507787276059,0.0513747960212641
"883",0.00854563729604706,0.113900111452676,0.0283971233875491
"884",0.0063289796654135,0.129169904673472,0.0330243150005117
"885",0.00665641749976203,0.0759474370628595,0.0417389719747007
"886",0.0127819538279437,0.137784994277172,0.0404498609947041
"887",0.0111210464243777,0.0658866520505399,0.0313999402918853
"888",0.00818510348675773,0.144995821779594,0.0629923098604195
"889",0.0147090769954957,0.112383429636247,0.0343947447137907
"890",0.0118145018606447,0.0880091241328046,0.0307384064886719
"891",0.0117491635098122,0.0799752849154174,0.0618025902309455
"892",0.0140412833448499,0.100777196255513,0.0506727791158482
"893",0.0099384793639183,0.14920294652693,0.06408683283953
"894",0.00899899173993617,0.0954821109771729,0.0460049634566531
"895",0.0132650336949155,0.110566928167827,0.0300570221850649
"896",0.0142003938090056,0.075534488633275,0.0535502936225385
"897",0.00948293110355735,0.140472353366204,0.0482841723482125
"898",0.0111363194743171,0.137977845827118,0.0464514633757062
"899",0.0101981098088436,0.142293782019988,0.0469858740107156
"900",0.00624515926698223,0.132867669034749,0.0675495870411396
"901",0.00884186388691887,0.110048981034197,0.074248743976932
"902",0.0112134164758027,0.0774962367024273,0.0401013103430159
"903",0.00650525835808367,0.0667913319543004,0.0512253218330443
"904",0.0111328681791201,0.127173208445311,0.0500829519005492
"905",0.0051284776465036,0.112213563802652,0.0443144372198731
"906",0.00597132747061551,0.147313957847655,0.0431531116715632
"907",0.00549568755785003,0.14495822195895,0.0633450101129711
"908",0.00870235129725188,0.133729483257048,0.0276166890515015
"909",0.00653052892070264,0.104453321080655,0.0388821681030095
"910",0.013944144253619,0.148599287262186,0.0430422977311537
"911",0.0137756672664545,0.067658897000365,0.0283726468565874
"912",0.0148764786566608,0.0614712414564565,0.0288735832902603
"913",0.00982022715266794,0.0872860693372786,0.0696821858175099
"914",0.00942279139533639,0.144641447183676,0.0717887350474484
"915",0.0102397631504573,0.147029181523249,0.0341699515818618
"916",0.0137939078756608,0.1012305960292,0.0397346800076775
"917",0.00744073001900688,0.145731143769808,0.0409424731973559
"918",0.0128722595307045,0.110923514305614,0.0370636359322816
"919",0.011535476425197,0.101830210420303,0.0265710395062342
"920",0.0136297566490248,0.0914707850199193,0.0506934167235158
"921",0.0131133647030219,0.10425921457354,0.0554583676974289
"922",0.0115187001065351,0.0707525857025758,0.0631960312603042
"923",0.00852733267471194,0.0774457542225719,0.0437193749123253
"924",0.00689808002440259,0.0530109954066575,0.0432751697488129
"925",0.00982219432014972,0.0739004655973986,0.0603339123073965
"926",0.00967924002092332,0.127515064133331,0.0662433666060679
"927",0.0144135563517921,0.140449693333358,0.0332553480402566
"928",0.011896848694887,0.103204182279296,0.03730915581109
"929",0.00853426012676209,0.0693127009784803,0.066054190217983
"930",0.0143375713354908,0.0756655832752585,0.0621270272182301
"931",0.00660561121068895,0.123268962115981,0.0359557106392458
"932",0.00723549083108082,0.0963383097900078,0.0431845232378691
"933",0.00542371317511424,0.109965402656235,0.0516953328740783
"934",0.00728148516500369,0.0681661065435037,0.0278102291398682
"935",0.0145881507522427,0.130923285917379,0.0336396866478026
"936",0.0056916188611649,0.117774193454534,0.0351349008618854
"937",0.00794468069216236,0.0971143171889708,0.0533912266488187
"938",0.013059967502486,0.148522212263197,0.0484067082055844
"939",0.0104163986654021,0.0968463133554906,0.0638673597364686
"940",0.0050922980112955,0.0618391565047205,0.0500645943684504
"941",0.00951896097278222,0.134173159091733,0.0427455109194852
"942",0.010979980698321,0.117137628863566,0.064986999228131
"943",0.0143035331158899,0.127885086718015,0.0646631973795593
"944",0.0135651262989268,0.0736886150203645,0.0356025692191906
"945",0.007687753518112,0.0808462463086471,0.0358593252836727
"946",0.0094707933277823,0.084841074491851,0.0286662153434008
"947",0.0116896471846849,0.0544620943488553,0.0583945984952152
"948",0.00685377048095688,0.0532001011539251,0.0442821137839928
"949",0.00620961172273383,0.144433212443255,0.0436187469866127
"950",0.00629289891570806,0.116650306130759,0.0570644734660164
"951",0.0106161033222452,0.126158560696058,0.032876555097755
"952",0.014017969709821,0.0639700134284794,0.0371053873794153
"953",0.00814210030250251,0.140511225769296,0.0336592178791761
"954",0.00696505598258227,0.0617028278764337,0.02542184505146
"955",0.010926704001613,0.145466619823128,0.0282244038535282
"956",0.0117056228150614,0.0803751175757498,0.0659333822433837
"957",0.00854984755627811,0.104520186386071,0.066337734204717
"958",0.00849825524259359,0.134874775679782,0.0412874155212194
"959",0.00604150447295979,0.14187541147694,0.0340071774437092
"960",0.00537779021542519,0.112047934904695,0.0434688102919608
"961",0.00988991827238351,0.111736958916299,0.0418200671556406
"962",0.0112156903138384,0.0868867901619524,0.038831093464978
"963",0.0104654285032302,0.0938508868450299,0.0272364909527823
"964",0.00503047778503969,0.0654062657384202,0.0677764122374356
"965",0.00687471618875861,0.143826801679097,0.0403648744453676
"966",0.00819372384110466,0.148067871364765,0.0402115765376948
"967",0.0122497609630227,0.102067100722343,0.0727134087937884
"968",0.00666886506602168,0.125912280613557,0.0465652817278169
"969",0.0109135763719678,0.0770737713435665,0.0713286896236241
"970",0.0138973398390226,0.0553527302807197,0.0415816731750965
"971",0.0130094445380382,0.146401290711947,0.033413473458495
"972",0.00896782828262076,0.123656240198761,0.0398653864860535
"973",0.0149226028262638,0.136291515943594,0.0616039876244031
"974",0.00674098749412224,0.145867154351436,0.0487523892312311
"975",0.00934382554376498,0.0855117211584002,0.0383212145650759
"976",0.0148495893389918,0.105362077383325,0.0693983565550298
"977",0.0110344442888163,0.09887012145482,0.058637188305147
"978",0.0105660206195898,0.071213520038873,0.0468194666551426
"979",0.00587407180573791,0.109778720140457,0.0676973223453388
"980",0.0123489942587912,0.0745307975448668,0.0560531940311194
"981",0.00798125823726878,0.0779467767570168,0.0400798153714277
"982",0.00942973480792716,0.0613105819327757,0.0534310677438043
"983",0.00750467200297862,0.0837891808012501,0.0298708654823713
"984",0.00848581765079871,0.0917563507333398,0.0312946234596893
"985",0.00516659590881318,0.0907003940315917,0.036152774526272
"986",0.0139582485007122,0.126966476859525,0.0599764955113642
"987",0.00792607337236404,0.116493322933093,0.0675009549013339
"988",0.0135458796471357,0.105510886549018,0.0426131521351635
"989",0.0070976521843113,0.0536644670646638,0.025080603454262
"990",0.010217811842449,0.057421500957571,0.0592871648841538
"991",0.00648996183415875,0.128004137892276,0.027901937160641
"992",0.00546437559183687,0.105678269034252,0.0461824171128683
"993",0.00701901831896976,0.111492038052529,0.0373243967536837
"994",0.00686772270826623,0.0713701073545963,0.0432494612876326
"995",0.00552694412879646,0.0920754200778902,0.0495422073174268
"996",0.0147881879284978,0.140529005392455,0.045168395084329
"997",0.013970714751631,0.139971334300935,0.0512117789243348
"998",0.0145713252201676,0.092022072407417,0.066365752206184
"999",0.00527588737430051,0.117996250744909,0.0602789250900969
"1000",0.0100810291385278,0.143848526896909,0.0645735171274282
